<?xml version='1.0' ?>
  <Setting>
    <bochsCommandHistory>
      <bochsCommandHistory>help</bochsCommandHistory>
      <bochsCommandHistory>b</bochsCommandHistory>
      <bochsCommandHistory>help b</bochsCommandHistory>
      <bochsCommandHistory>b 0x7c00</bochsCommandHistory>
    </bochsCommandHistory>
    <breakpoint/>
    <currentLanguage>en_US</currentLanguage>
    <customZone>false</customZone>
    <divX>594</divX>
    <divY>384</divY>
    <fontFamily>Dialog</fontFamily>
    <fontsize>12</fontsize>
    <gdt/>
    <height>1092</height>
    <hitZone>false</hitZone>
    <idt/>
    <interruptProfiling>false</interruptProfiling>
    <jmpProfiling>false</jmpProfiling>
    <lastElfHistoryOpenDir>D:\development\my_projects\PERSONAL\_TRICKS\binary_test\IMAGES\BOCHS-QEMU\.</lastElfHistoryOpenDir>
    <lastElfHistoryOpenDir2>D:\development\my_projects\PERSONAL\_TRICKS\binary_test\IMAGES\BOCHS-QEMU\.</lastElfHistoryOpenDir2>
    <lastMapOpenDir>D:\development\my_projects\PERSONAL\_TRICKS\binary_test\IMAGES\BOCHS-QEMU\.</lastMapOpenDir>
    <ldt/>
    <loadBreakpointAtStartup>false</loadBreakpointAtStartup>
    <loadSystemMapAtStartup>false</loadSystemMapAtStartup>
    <logToPetersoftServer>false</logToPetersoftServer>
    <memoryCombo>
      <memoryCombo>0x000007a7</memoryCombo>
      <memoryCombo>0x000007ce</memoryCombo>
      <memoryCombo>0x00000800</memoryCombo>
      <memoryCombo>0x00000820</memoryCombo>
      <memoryCombo>0x00000881</memoryCombo>
      <memoryCombo>0x00000895</memoryCombo>
      <memoryCombo>0x00000900</memoryCombo>
      <memoryCombo>0x00000f54</memoryCombo>
      <memoryCombo>0x00000f58</memoryCombo>
      <memoryCombo>0x00000f74</memoryCombo>
      <memoryCombo>0x0000103fb</memoryCombo>
      <memoryCombo>0x000010b00</memoryCombo>
      <memoryCombo>0x00002000</memoryCombo>
      <memoryCombo>0x00002022</memoryCombo>
      <memoryCombo>0x00002ffc</memoryCombo>
      <memoryCombo>0x00003000</memoryCombo>
      <memoryCombo>0x000079a0</memoryCombo>
      <memoryCombo>0x000079ac</memoryCombo>
      <memoryCombo>0x000079b0</memoryCombo>
      <memoryCombo>0x00007d54</memoryCombo>
      <memoryCombo>0x00010000</memoryCombo>
      <memoryCombo>0x000100C2</memoryCombo>
      <memoryCombo>0x00010300</memoryCombo>
      <memoryCombo>0x00010504</memoryCombo>
      <memoryCombo>0x0001F000</memoryCombo>
      <memoryCombo>0x0001FF00</memoryCombo>
      <memoryCombo>0x0001FFF0</memoryCombo>
      <memoryCombo>0x0001FFFF</memoryCombo>
      <memoryCombo>0x00020000</memoryCombo>
      <memoryCombo>0x1ff38</memoryCombo>
      <memoryCombo>0x20000</memoryCombo>
      <memoryCombo>0x900</memoryCombo>
      <memoryCombo>0xc8</memoryCombo>
    </memoryCombo>
    <memoryEnd/>
    <memoryProfiling>false</memoryProfiling>
    <memoryStart/>
    <osDebugSplitPane_DividerLocation>150</osDebugSplitPane_DividerLocation>
    <path_dwarfdump/>
    <path_objdump/>
    <physicalAddress/>
    <profileMemoryFromAddress/>
    <profileMemoryToAddress/>
    <profilingUpdateGraph>false</profilingUpdateGraph>
    <register/>
    <sbAddress/>
    <sbaAddress/>
    <tss/>
    <updateAfterBochsCommand>false</updateAfterBochsCommand>
    <updateAfterBochsCommand_addressTranslate>false</updateAfterBochsCommand_addressTranslate>
    <updateAfterBochsCommand_breakpoint>false</updateAfterBochsCommand_breakpoint>
    <updateAfterBochsCommand_gdt>false</updateAfterBochsCommand_gdt>
    <updateAfterBochsCommand_history>false</updateAfterBochsCommand_history>
    <updateAfterBochsCommand_idt>false</updateAfterBochsCommand_idt>
    <updateAfterBochsCommand_instruction>false</updateAfterBochsCommand_instruction>
    <updateAfterBochsCommand_ldt>false</updateAfterBochsCommand_ldt>
    <updateAfterBochsCommand_memory>false</updateAfterBochsCommand_memory>
    <updateAfterBochsCommand_pageTable>false</updateAfterBochsCommand_pageTable>
    <updateAfterBochsCommand_register>false</updateAfterBochsCommand_register>
    <updateAfterBochsCommand_stack>false</updateAfterBochsCommand_stack>
    <updateFastStepCommand_breakpoint>false</updateFastStepCommand_breakpoint>
    <updateFastStepCommand_gdt>false</updateFastStepCommand_gdt>
    <updateFastStepCommand_history>false</updateFastStepCommand_history>
    <updateFastStepCommand_idt>false</updateFastStepCommand_idt>
    <updateFastStepCommand_instruction>true</updateFastStepCommand_instruction>
    <updateFastStepCommand_ldt>false</updateFastStepCommand_ldt>
    <updateFastStepCommand_memory>true</updateFastStepCommand_memory>
    <updateFastStepCommand_register>true</updateFastStepCommand_register>
    <width>1932</width>
    <x>0</x>
    <y>0</y>
  </Setting>
